Workbook

Sheet Пульт
A1: ТЕРМИНАЛ «АТЛАС» — ПУЛЬТ ДОПУСКА
A3: Стратегия | B3: DZ_S021
A4: Инструмент | B4: MGC | H4: =IFERROR(INDEX(Данные!$B:$B,MATCH("instrument|"&$B$4&"|STATUS",Данные!$A:$A,0)),"RED")
A5: Режим | B5: ВОСПРОИЗВЕДЕНИЕ
A7: =IF(OR(COUNTIF(B10:B17,"НЕТ")>0,COUNTIF(B20:B22,"НЕТ")>0,COUNTIF(D25:D29,"СОГЛАСОВАНО")<5),"🔴 ЗАБЛОКИРОВАНО: дефицит элементов или нарушение рисков",IF($B$5="ВОСПРОИЗВЕДЕНИЕ","🟡 ДОПУЩЕНО К ВОСПРОИЗВЕДЕНИЮ РЫНКА",IF($H$4="GOLD","🥇 ЗОЛОТОЙ: ДОПУЩЕНО К РЕАЛЬНОМУ СЧЁТУ",IF($H$4="GREEN","🟢 ДОПУЩЕНО К РЕАЛЬНОМУ СЧЁТУ","🔴 РЕАЛЬНЫЙ СЧЁТ НЕ ДОПУЩЕН: инструмент ниже зелёного"))))
A9: 1. СТРАТЕГИЯ — ВОСЕМЬ ЭЛЕМЕНТОВ
A10: ТЗ на разработку | B10: =IFERROR(INDEX(Данные!$B:$B,MATCH("strategy|"&$B$3&"|DOC1_TZ",Данные!$A:$A,0)),"НЕТ")
A11: Руководство по эксплуатации | B11: =IFERROR(INDEX(Данные!$B:$B,MATCH("strategy|"&$B$3&"|DOC2_MANUAL",Данные!$A:$A,0)),"НЕТ")
A12: Руководство разработчика | B12: =IFERROR(INDEX(Данные!$B:$B,MATCH("strategy|"&$B$3&"|DOC3_DEV_GUIDE",Данные!$A:$A,0)),"НЕТ")
A13: Словарь меню настроек | B13: =IFERROR(INDEX(Данные!$B:$B,MATCH("strategy|"&$B$3&"|DOC4_SETTINGS_DICT",Данные!$A:$A,0)),"НЕТ")
A14: Карта связей настроек | B14: =IFERROR(INDEX(Данные!$B:$B,MATCH("strategy|"&$B$3&"|DOC5_SETTINGS_LINKS",Данные!$A:$A,0)),"НЕТ")
A15: Перечень модулей | B15: =IFERROR(INDEX(Данные!$B:$B,MATCH("strategy|"&$B$3&"|DOC6_MODULES",Данные!$A:$A,0)),"НЕТ")
A16: Сертификат допуска | B16: =IFERROR(INDEX(Данные!$B:$B,MATCH("strategy|"&$B$3&"|DOC7_TRADING_CERTIFICATE",Данные!$A:$A,0)),"НЕТ")
A17: Исходник C# движка | B17: =IFERROR(INDEX(Данные!$B:$B,MATCH("strategy|"&$B$3&"|DOC8_ENGINE_CS",Данные!$A:$A,0)),"НЕТ")
A19: 2. ИНСТРУМЕНТ — ТРИ РЕСУРСА
A20: Паспорт, сверен с NinjaTrader | B20: =IFERROR(INDEX(Данные!$B:$B,MATCH("instrument|"&$B$4&"|PASSPORT",Данные!$A:$A,0)),"НЕТ")
A21: Сертификат данных | B21: =IFERROR(INDEX(Данные!$B:$B,MATCH("instrument|"&$B$4&"|DATA_CERT",Данные!$A:$A,0)),"НЕТ")
A22: Отпечатки данных целы | B22: =IFERROR(INDEX(Данные!$B:$B,MATCH("instrument|"&$B$4&"|DATA_INTEGRITY",Данные!$A:$A,0)),"НЕТ")
A24: Параметр | B24: Стратегия (ввод) | C24: Паспорт | D24: Согласование
A25: Стоп, тиков | B25: 200 | C25: =IFERROR(INDEX(Паспорта!$C:$C,MATCH($B$4,Паспорта!$A:$A,0)),0) | D25: =IF(B25<=C25,"СОГЛАСОВАНО","ПРЕВЫШЕНИЕ РИСКА")
A26: Дневной лимит потерь | B26: 1500 | C26: =IFERROR(INDEX(Паспорта!$D:$D,MATCH($B$4,Паспорта!$A:$A,0)),0) | D26: =IF(B26<=C26,"СОГЛАСОВАНО","ПРЕВЫШЕНИЕ РИСКА")
A27: Издержки круга на контракт | B27: 0.44 | C27: =IFERROR(INDEX(Паспорта!$E:$E,MATCH($B$4,Паспорта!$A:$A,0)),0) | D27: =IF(B27>=C27,"СОГЛАСОВАНО","ЗАНИЖЕНЫ ИЗДЕРЖКИ")
A28: Проскальзывание, тиков на исполнение | B28: 1 | C28: =IFERROR(INDEX(Паспорта!$F:$F,MATCH($B$4,Паспорта!$A:$A,0)),0) | D28: =IF(B28>=C28,"СОГЛАСОВАНО","ЗАНИЖЕНО ПРОСКАЛЬЗЫВАНИЕ")
A29: Отступ безубытка, тиков | B29: 2 | C29: =IFERROR(INDEX(Паспорта!$G:$G,MATCH($B$4,Паспорта!$A:$A,0)),0) | D29: =IF(B29>=C29,"СОГЛАСОВАНО","НЕ ПОКРЫВАЕТ ИЗДЕРЖКИ")

Sheet Списки
A1: Стратегии | B1: Инструменты | C1: Режимы
A2: DZ_S021 | B2: MGC | C2: ВОСПРОИЗВЕДЕНИЕ
C3: РЕАЛЬНЫЙ СЧЁТ

Sheet Данные
A1: Ключ | B1: Значение
A2: strategy|DZ_S021|DOC1_TZ | B2: ДА
A3: strategy|DZ_S021|DOC2_MANUAL | B3: ДА
A4: strategy|DZ_S021|DOC3_DEV_GUIDE | B4: ДА
A5: strategy|DZ_S021|DOC4_SETTINGS_DICT | B5: ДА
A6: strategy|DZ_S021|DOC5_SETTINGS_LINKS | B6: ДА
A7: strategy|DZ_S021|DOC6_MODULES | B7: ДА
A8: strategy|DZ_S021|DOC7_TRADING_CERTIFICATE | B8: ДА
A9: strategy|DZ_S021|DOC8_ENGINE_CS | B9: ДА
A10: instrument|MGC|PASSPORT | B10: ДА
A11: instrument|MGC|DATA_CERT | B11: ДА
A12: instrument|MGC|DATA_INTEGRITY | B12: ДА
A13: instrument|MGC|STATUS | B13: YELLOW

Sheet Паспорта
A1: Инструмент | B1: Тик, валюта | C1: Макс. стоп, тиков | D1: Дневной лимит | E1: Круг, валюта | F1: Проскальз., тиков | G1: Мин. безубыток, тиков
A2: MGC | B2: 1 | C2: 1000 | D2: 1500 | E2: 0.44 | F2: 1 | G2: 2

Sheet Задача
A1: Ключ | B1: Значение
A2: data | B2: mgc.npz
A3: out | B3: term_results
A4: instrument | B4: MGC
A5: module_file
A6: module_class

Sheet Параметры
A1: name | B1: N | C1: stop_ticks | D1: target_ticks | E1: slippage | F1: limit
A2: mom20 | B2: 20 | C2: 20 | D2: 40 | E2: 1 | F2: through
